[
  {
    "model": "academics.academicclass",
    "pk": 1,
    "fields": { "name": "6" }
  },
  {
    "model": "academics.academicclass",
    "pk": 2,
    "fields": { "name": "7" }
  },
  {
    "model": "academics.academicclass",
    "pk": 3,
    "fields": { "name": "8" }
  },
  {
    "model": "academics.academicclass",
    "pk": 4,
    "fields": { "name": "9" }
  },
  {
    "model": "academics.academicclass",
    "pk": 5,
    "fields": { "name": "10" }
  },

  {
    "model": "academics.group",
    "pk": 1,
    "fields": { "name": "Science" }
  },
  {
    "model": "academics.group",
    "pk": 2,
    "fields": { "name": "Commerce" }
  },
  {
    "model": "academics.group",
    "pk": 3,
    "fields": { "name": "Arts" }
  },

  {
    "model": "academics.subject",
    "pk": 1,
    "fields": { "name": "Bangla" }
  },
  {
    "model": "academics.subject",
    "pk": 2,
    "fields": { "name": "English" }
  },
  {
    "model": "academics.subject",
    "pk": 3,
    "fields": { "name": "Mathematics" }
  },
  {
    "model": "academics.subject",
    "pk": 4,
    "fields": { "name": "General Science" }
  },
  {
    "model": "academics.subject",
    "pk": 5,
    "fields": { "name": "Bangladesh & Global Studies" }
  },
  {
    "model": "academics.subject",
    "pk": 6,
    "fields": { "name": "Religion & Moral Education" }
  },
  {
    "model": "academics.subject",
    "pk": 7,
    "fields": { "name": "ICT" }
  },
  {
    "model": "academics.subject",
    "pk": 8,
    "fields": { "name": "Physics" }
  },
  {
    "model": "academics.subject",
    "pk": 9,
    "fields": { "name": "Chemistry" }
  },
  {
    "model": "academics.subject",
    "pk": 10,
    "fields": { "name": "Biology" }
  },
  {
    "model": "academics.subject",
    "pk": 11,
    "fields": { "name": "Higher Mathematics" }
  },
  {
    "model": "academics.subject",
    "pk": 12,
    "fields": {
      "name": "Accounting"
    }
  },
  {
    "model": "academics.subject",
    "pk": 13,
    "fields": {
      "name": "Finance & Banking"
    }
  },
  {
    "model": "academics.subject",
    "pk": 14,
    "fields": {
      "name": "Business Entrepreneurship"
    }
  },
  {
    "model": "academics.subject",
    "pk": 15,
    "fields": {
      "name": "Economics"
    }
  },
  {
    "model": "academics.subject",
    "pk": 16,
    "fields": {
      "name": "Civics & Good Governance"
    }
  },
  {
    "model": "academics.subject",
    "pk": 17,
    "fields": {
      "name": "Geography & Environment"
    }
  },
  {
    "model": "academics.subject",
    "pk": 18,
    "fields": {
      "name": "Agriculture Studies"
    }
  },
  {
    "model": "academics.subject",
    "pk": 19,
    "fields": {
      "name": "Home Science"
    }
  },
  {
    "model": "academics.classsubject",
    "pk": 1,
    "fields": {
      "academic_class": 1,
      "subject": 1,
      "group": null,
      "subject_type": "COMPULSORY"
    }
  },
  {
    "model": "academics.classsubject",
    "pk": 2,
    "fields": {
      "academic_class": 1,
      "subject": 2,
      "group": null,
      "subject_type": "COMPULSORY"
    }
  },
  {
    "model": "academics.classsubject",
    "pk": 3,
    "fields": {
      "academic_class": 1,
      "subject": 3,
      "group": null,
      "subject_type": "COMPULSORY"
    }
  },
  {
    "model": "academics.classsubject",
    "pk": 4,
    "fields": {
      "academic_class": 1,
      "subject": 4,
      "group": null,
      "subject_type": "COMPULSORY"
    }
  },
  {
    "model": "academics.classsubject",
    "pk": 5,
    "fields": {
      "academic_class": 1,
      "subject": 5,
      "group": null,
      "subject_type": "COMPULSORY"
    }
  },
  {
    "model": "academics.classsubject",
    "pk": 6,
    "fields": {
      "academic_class": 1,
      "subject": 6,
      "group": null,
      "subject_type": "COMPULSORY"
    }
  },
  {
    "model": "academics.classsubject",
    "pk": 7,
    "fields": {
      "academic_class": 1,
      "subject": 7,
      "group": null,
      "subject_type": "COMPULSORY"
    }
  },

  {
    "model": "academics.classsubject",
    "pk": 8,
    "fields": {
      "academic_class": 2,
      "subject": 1,
      "group": null,
      "subject_type": "COMPULSORY"
    }
  },
  {
    "model": "academics.classsubject",
    "pk": 9,
    "fields": {
      "academic_class": 2,
      "subject": 2,
      "group": null,
      "subject_type": "COMPULSORY"
    }
  },
  {
    "model": "academics.classsubject",
    "pk": 10,
    "fields": {
      "academic_class": 2,
      "subject": 3,
      "group": null,
      "subject_type": "COMPULSORY"
    }
  },
  {
    "model": "academics.classsubject",
    "pk": 11,
    "fields": {
      "academic_class": 2,
      "subject": 4,
      "group": null,
      "subject_type": "COMPULSORY"
    }
  },
  {
    "model": "academics.classsubject",
    "pk": 12,
    "fields": {
      "academic_class": 2,
      "subject": 5,
      "group": null,
      "subject_type": "COMPULSORY"
    }
  },
  {
    "model": "academics.classsubject",
    "pk": 13,
    "fields": {
      "academic_class": 2,
      "subject": 6,
      "group": null,
      "subject_type": "COMPULSORY"
    }
  },
  {
    "model": "academics.classsubject",
    "pk": 14,
    "fields": {
      "academic_class": 2,
      "subject": 7,
      "group": null,
      "subject_type": "COMPULSORY"
    }
  },

  {
    "model": "academics.classsubject",
    "pk": 15,
    "fields": {
      "academic_class": 3,
      "subject": 1,
      "group": null,
      "subject_type": "COMPULSORY"
    }
  },
  {
    "model": "academics.classsubject",
    "pk": 16,
    "fields": {
      "academic_class": 3,
      "subject": 2,
      "group": null,
      "subject_type": "COMPULSORY"
    }
  },
  {
    "model": "academics.classsubject",
    "pk": 17,
    "fields": {
      "academic_class": 3,
      "subject": 3,
      "group": null,
      "subject_type": "COMPULSORY"
    }
  },
  {
    "model": "academics.classsubject",
    "pk": 18,
    "fields": {
      "academic_class": 3,
      "subject": 4,
      "group": null,
      "subject_type": "COMPULSORY"
    }
  },
  {
    "model": "academics.classsubject",
    "pk": 19,
    "fields": {
      "academic_class": 3,
      "subject": 5,
      "group": null,
      "subject_type": "COMPULSORY"
    }
  },
  {
    "model": "academics.classsubject",
    "pk": 20,
    "fields": {
      "academic_class": 3,
      "subject": 6,
      "group": null,
      "subject_type": "COMPULSORY"
    }
  },
  {
    "model": "academics.classsubject",
    "pk": 21,
    "fields": {
      "academic_class": 3,
      "subject": 7,
      "group": null,
      "subject_type": "COMPULSORY"
    }
  },

  {
    "model": "academics.classsubject",
    "pk": 22,
    "fields": {
      "academic_class": 4,
      "subject": 1,
      "group": null,
      "subject_type": "COMPULSORY"
    }
  },
  {
    "model": "academics.classsubject",
    "pk": 23,
    "fields": {
      "academic_class": 4,
      "subject": 2,
      "group": null,
      "subject_type": "COMPULSORY"
    }
  },
  {
    "model": "academics.classsubject",
    "pk": 24,
    "fields": {
      "academic_class": 4,
      "subject": 3,
      "group": null,
      "subject_type": "COMPULSORY"
    }
  },
  {
    "model": "academics.classsubject",
    "pk": 25,
    "fields": {
      "academic_class": 4,
      "subject": 7,
      "group": null,
      "subject_type": "COMPULSORY"
    }
  },
  {
    "model": "academics.classsubject",
    "pk": 26,
    "fields": {
      "academic_class": 4,
      "subject": 6,
      "group": null,
      "subject_type": "COMPULSORY"
    }
  },

  {
    "model": "academics.classsubject",
    "pk": 27,
    "fields": {
      "academic_class": 4,
      "subject": 8,
      "group": 1,
      "subject_type": "GROUP_COMPULSORY"
    }
  },
  {
    "model": "academics.classsubject",
    "pk": 28,
    "fields": {
      "academic_class": 4,
      "subject": 9,
      "group": 1,
      "subject_type": "GROUP_COMPULSORY"
    }
  },
  {
    "model": "academics.classsubject",
    "pk": 29,
    "fields": {
      "academic_class": 4,
      "subject": 10,
      "group": 1,
      "subject_type": "GROUP_COMPULSORY"
    }
  },
  {
    "model": "academics.classsubject",
    "pk": 30,
    "fields": {
      "academic_class": 4,
      "subject": 11,
      "group": 1,
      "subject_type": "ELECTIVE"
    }
  },

  {
    "model": "academics.classsubject",
    "pk": 31,
    "fields": {
      "academic_class": 4,
      "subject": 12,
      "group": 2,
      "subject_type": "GROUP_COMPULSORY"
    }
  },
  {
    "model": "academics.classsubject",
    "pk": 32,
    "fields": {
      "academic_class": 4,
      "subject": 13,
      "group": 2,
      "subject_type": "GROUP_COMPULSORY"
    }
  },
  {
    "model": "academics.classsubject",
    "pk": 33,
    "fields": {
      "academic_class": 4,
      "subject": 14,
      "group": 2,
      "subject_type": "GROUP_COMPULSORY"
    }
  },

  {
    "model": "academics.classsubject",
    "pk": 34,
    "fields": {
      "academic_class": 4,
      "subject": 15,
      "group": 3,
      "subject_type": "GROUP_COMPULSORY"
    }
  },
  {
    "model": "academics.classsubject",
    "pk": 35,
    "fields": {
      "academic_class": 4,
      "subject": 16,
      "group": 3,
      "subject_type": "GROUP_COMPULSORY"
    }
  },
  {
    "model": "academics.classsubject",
    "pk": 36,
    "fields": {
      "academic_class": 4,
      "subject": 17,
      "group": 3,
      "subject_type": "GROUP_COMPULSORY"
    }
  },
  {
    "model": "academics.studentsubject",
    "pk": 1,
    "fields": {
      "student": 1,
      "class_subject": 22,
      "role": "MAIN"
    }
  },
  {
    "model": "academics.studentsubject",
    "pk": 2,
    "fields": {
      "student": 1,
      "class_subject": 23,
      "role": "MAIN"
    }
  },
  {
    "model": "academics.studentsubject",
    "pk": 3,
    "fields": {
      "student": 1,
      "class_subject": 27,
      "role": "MAIN"
    }
  },
  {
    "model": "academics.studentsubject",
    "pk": 4,
    "fields": {
      "student": 1,
      "class_subject": 30,
      "role": "ELECTIVE"
    }
  },
  {
    "model": "academics.studentresult",
    "pk": 1,
    "fields": {
      "student_subject": 1,
      "exam": "Half Yearly",
      "marks_obtained": "85.00",
      "grade": "A+",
      "created_at": "2026-02-17T10:00:00Z"
    }
  },
  {
    "model": "academics.studentresult",
    "pk": 2,
    "fields": {
      "student_subject": 2,
      "exam": "Half Yearly",
      "marks_obtained": "78.00",
      "grade": "A",
      "created_at": "2026-02-17T10:05:00Z"
    }
  },
  {
    "model": "academics.studentresult",
    "pk": 3,
    "fields": {
      "student_subject": 3,
      "exam": "Half Yearly",
      "marks_obtained": "88.00",
      "grade": "A+",
      "created_at": "2026-02-17T10:10:00Z"
    }
  },
  {
    "model": "academics.studentresult",
    "pk": 4,
    "fields": {
      "student_subject": 4,
      "exam": "Half Yearly",
      "marks_obtained": "72.00",
      "grade": "A-",
      "created_at": "2026-02-17T10:15:00Z"
    }
  }
]
